615.0483159191632,328.42653596807037, 0.0, 2, 710
619.163846207417,331.26597437142846, 0.0, 2, 710
614.6470552735009,333.4104089494216, 0.0, 2, 710
618.7625855617548,336.2498473527797, 0.0, 2, 710
610.1302643395846,335.5548435274147, 0.0, 2, 710
614.2457946278386,338.39428193077276, 0.0, 2, 710
609.7290036939223,340.5387165087659, 0.0, 2, 710
613.8445339821762,343.37815491212405, 0.0, 2, 710
605.2122127600062,342.68315108675904, 0.0, 2, 710
609.32774304826,345.5225894901171, 0.0, 2, 710
608.9264824025977,350.50646247146835, 0.0, 2, 710
604.4096914686816,352.65089704946143, 0.0, 2, 710
608.5252217569354,355.4903354528196, 0.0, 2, 710
604.0084308230192,357.63477003081266, 0.0, 2, 710
608.123961111273,360.4742084341708, 0.0, 2, 710
599.491639889103,359.7792046088058, 0.0, 2, 710
603.6071701773569,362.6186430121639, 0.0, 2, 710
599.0903792434407,364.763077590157, 0.0, 2, 710
603.2059095316946,367.6025159935151, 0.0, 2, 710
594.5735883095246,366.9075121681501, 0.0, 2, 710
598.6891185977784,369.74695057150825, 0.0, 2, 710
594.1723276638622,371.89138514950133, 0.0, 2, 710
598.287857952116,374.7308235528594, 0.0, 2, 710
589.655536729946,374.0358197274944, 0.0, 2, 710
593.7710670181999,376.87525813085256, 0.0, 2, 710
593.3698063725376,381.8591311122038, 0.0, 2, 710
588.8530154386214,384.00356569019687, 0.0, 2, 710
592.9685457268753,386.843004093555, 0.0, 2, 710
588.451754792959,388.9874386715481, 0.0, 2, 710
592.567285081213,391.82687707490624, 0.0, 2, 710
583.9349638590429,391.13187324954123, 0.0, 2, 710
588.0504941472967,393.9713116528993, 0.0, 2, 710
583.5337032133806,396.11574623089246, 0.0, 2, 710
587.6492335016344,398.95518463425054, 0.0, 2, 710
579.0169122794643,398.26018080888554, 0.0, 2, 710
583.1324425677183,401.0996192122436, 0.0, 2, 710
578.615651633802,403.24405379023676, 0.0, 2, 710
582.731181922056,406.0834921935949, 0.0, 2, 710
574.0988606998859,405.38848836822984, 0.0, 2, 710
578.2143909881397,408.227926771588, 0.0, 2, 710
573.6976000542236,410.37236134958107, 0.0, 2, 710
577.8131303424774,413.2117997529392, 0.0, 2, 710
581.9286606307313,416.0512381562973, 0.0, 2, 710
569.1808091203073,412.5167959275742, 0.0, 2, 710
573.2963394085613,415.3562343309323, 0.0, 2, 710
577.4118696968151,418.19567273429044, 0.0, 2, 710
568.779548474645,417.50066890892543, 0.0, 2, 710
572.895078762899,420.3401073122835, 0.0, 2, 710
577.0106090511528,423.17954571564167, 0.0, 2, 710
564.2627575407288,419.6451034869185, 0.0, 2, 710
568.3782878289827,422.48454189027666, 0.0, 2, 710
572.4938181172366,425.32398029363475, 0.0, 2, 710
563.8614968950665,424.62897646826974, 0.0, 2, 710
567.9770271833204,427.4684148716279, 0.0, 2, 710
572.0925574715743,430.307853274986, 0.0, 2, 710
555.2291756728964,423.93397264290473, 0.0, 2, 710
559.3447059611503,426.7734110462629, 0.0, 2, 710
563.4602362494043,429.61284944962097, 0.0, 2, 710
567.5757665376581,432.4522878529791, 0.0, 2, 710
554.8279150272341,428.91784562425596, 0.0, 2, 710
558.943445315488,431.7572840276141, 0.0, 2, 710
563.0589756037419,434.5967224309722, 0.0, 2, 710
567.1745058919958,437.4361608343303, 0.0, 2, 710
550.311124093318,431.0622802022491, 0.0, 2, 710
554.4266543815718,433.9017186056072, 0.0, 2, 710
558.5421846698257,436.7411570089653, 0.0, 2, 710
562.6577149580796,439.5805954123234, 0.0, 2, 710
545.7943331594017,433.2067147802422, 0.0, 2, 710
549.9098634476557,436.04615318360027, 0.0, 2, 710
554.0253937359095,438.8855915869584, 0.0, 2, 710
558.1409240241634,441.7250299903165, 0.0, 2, 710
562.2564543124173,444.56446839367464, 0.0, 2, 710
541.2775422254855,435.35114935823526, 0.0, 2, 710
545.3930725137394,438.1905877615934, 0.0, 2, 710
549.5086028019933,441.0300261649515, 0.0, 2, 710
553.6241330902473,443.86946456830964, 0.0, 2, 710
557.7396633785011,446.7089029716677, 0.0, 2, 710
544.9918118680771,443.17446074294463, 0.0, 2, 710
549.107342156331,446.0138991463027, 0.0, 2, 710
553.2228724445849,448.85333754966086, 0.0, 2, 710
557.3384027328387,451.69277595301895, 0.0, 2, 710
540.4750209341609,445.3188953209377, 0.0, 2, 710
544.5905512224148,448.15833372429586, 0.0, 2, 710
548.7060815106687,450.99777212765395, 0.0, 2, 710
552.8216117989226,453.8372105310121, 0.0, 2, 710
544.1892905767525,453.1422067056471, 0.0, 2, 710
548.3048208650064,455.98164510900517, 0.0, 2, 710
552.4203511532603,458.8210835123633, 0.0, 2, 710
539.6724996428363,455.28664128364017, 0.0, 2, 710
543.7880299310901,458.12607968699825, 0.0, 2, 710
547.9035602193441,460.9655180903564, 0.0, 2, 710
543.3867692854278,463.1099526683495, 0.0, 2, 710
547.5022995736817,465.9493910717076, 0.0, 2, 710
538.8699783515117,465.2543872463426, 0.0, 2, 710
542.9855086397655,468.09382564970076, 0.0, 2, 710
538.4687177058494,470.23826022769384, 0.0, 2, 710
542.5842479941033,473.07769863105193, 0.0, 2, 710
533.9519267719331,472.3826948056869, 0.0, 2, 710
538.067457060187,475.22213320904507, 0.0, 2, 710
533.5506661262708,477.36656778703815, 0.0, 2, 710
537.6661964145247,480.2060061903963, 0.0, 2, 710
529.0338751923547,479.5110023650313, 0.0, 2, 710
533.1494054806085,482.3504407683894, 0.0, 2, 710
528.6326145466924,484.4948753463825, 0.0, 2, 710
532.7481448349462,487.3343137497406, 0.0, 2, 710
524.1158236127761,486.6393099243756, 0.0, 2, 710
528.23135390103,489.4787483277337, 0.0, 2, 710
523.7145629671138,491.6231829057268, 0.0, 2, 710
515.0822417449438,490.9281790803618, 0.0, 2, 710
519.1977720331976,493.76761748371996, 0.0, 2, 710
514.6809810992814,495.91205206171304, 0.0, 2, 710
518.7965113875354,498.75149046507113, 0.0, 2, 710
510.16419016536526,498.0564866397061, 0.0, 2, 710
514.2797204536191,500.89592504306427, 0.0, 2, 710
509.76292951970294,503.0403596210574, 0.0, 2, 710
513.8784598079568,505.8797980244155, 0.0, 2, 710
505.2461385857867,505.1847941990505, 0.0, 2, 710
509.3616688740406,508.0242326024086, 0.0, 2, 710
504.84487794012443,510.1686671804017, 0.0, 2, 710
508.9604082283783,513.0081055837597, 0.0, 2, 710
500.3280870062082,512.3131017583949, 0.0, 2, 710
499.9268263605459,517.296974739746, 0.0, 2, 710
491.2945051383758,516.601970914381, 0.0, 2, 710
495.4100354266297,519.4414093177392, 0.0, 2, 710
490.8932444927135,521.5858438957323, 0.0, 2, 710
495.00877478096737,524.4252822990903, 0.0, 2, 710
486.3764535587973,523.7302784737253, 0.0, 2, 710
490.4919838470512,526.5697168770835, 0.0, 2, 710
485.975192913135,528.7141514550766, 0.0, 2, 710
490.09072320138887,531.5535898584346, 0.0, 2, 710
481.4584019792188,530.8585860330697, 0.0, 2, 710
485.5739322674727,533.6980244364278, 0.0, 2, 710
481.0571413335565,535.8424590144209, 0.0, 2, 710
471.09513504348126,542.2583326372737, 0.0, 2, 711
468.47186692045756,546.5149115869383, 0.0, 2, 711
463.4739273553221,546.3713842262941, 0.0, 2, 711
465.84859879743385,550.7714905366029, 0.0, 2, 711
460.85065923229837,550.6279631759587, 0.0, 2, 711
463.22533067441015,555.0280694862674, 0.0, 2, 711
455.8527196671629,550.4844358153146, 0.0, 2, 711
458.22739110927466,554.8845421256233, 0.0, 2, 711
453.2294515441392,554.7410147649791, 0.0, 2, 711
455.60412298625096,559.1411210752879, 0.0, 2, 711
448.2315119790037,554.597487404335, 0.0, 2, 711
450.6061834211155,558.9975937146437, 0.0, 2, 711
445.60824385598,558.8540663539995, 0.0, 2, 711
447.98291529809177,563.2541726643083, 0.0, 2, 711
442.9849757329563,563.1106453036641, 0.0, 2, 711
440.3617076099326,567.3672242533287, 0.0, 2, 711
442.7363790520443,571.7673305636374, 0.0, 2, 711
435.3637680447971,567.2236968926845, 0.0, 2, 711
437.7384394869089,571.6238032029933, 0.0, 2, 711
432.7404999217734,571.4802758423491, 0.0, 2, 711
435.1151713638851,575.8803821526578, 0.0, 2, 711
427.7425603566379,571.336748481705, 0.0, 2, 711
430.11723179874963,575.7368547920137, 0.0, 2, 711
425.11929223361415,575.5933274313695, 0.0, 2, 711
427.4939636757259,579.9934337416782, 0.0, 2, 711
420.1213526684787,575.4498000707254, 0.0, 2, 711
422.49602411059044,579.8499063810341, 0.0, 2, 711
417.49808454545496,579.7063790203899, 0.0, 2, 711
419.87275598756673,584.1064853306987, 0.0, 2, 711
412.50014498031953,579.5628516597458, 0.0, 2, 711
414.87481642243125,583.9629579700545, 0.0, 2, 711
409.87687685729577,583.8194306094103, 0.0, 2, 711
412.25154829940755,588.2195369197191, 0.0, 2, 711
402.50426585004857,579.2757969384575, 0.0, 2, 711
404.87893729216034,583.6759032487662, 0.0, 2, 711
407.25360873427206,588.0760095590749, 0.0, 2, 711
399.88099772702486,583.532375888122, 0.0, 2, 711
402.2556691691366,587.9324821984308, 0.0, 2, 711
404.63034061124836,592.3325885087395, 0.0, 2, 711
394.8830581618894,583.3888485274779, 0.0, 2, 711
397.25772960400116,587.7889548377866, 0.0, 2, 711
399.6324010461129,592.1890611480953, 0.0, 2, 711
392.2597900388657,587.6454274771424, 0.0, 2, 711
394.6344614809774,592.0455337874512, 0.0, 2, 711
397.00913292308917,596.4456400977599, 0.0, 2, 711
387.2618504737302,587.5019001164983, 0.0, 2, 711
389.6365219158419,591.902006426807, 0.0, 2, 711
392.0111933579537,596.3021127371157, 0.0, 2, 711
384.6385823507065,591.7584790661629, 0.0, 2, 711
387.0132537928182,596.1585853764716, 0.0, 2, 711
389.38792523493,600.5586916867803, 0.0, 2, 711
379.640642785571,591.6149517055187, 0.0, 2, 711
382.0153142276827,596.0150580158274, 0.0, 2, 711
384.3899856697945,600.4151643261362, 0.0, 2, 711
379.392046104659,600.271636965492, 0.0, 2, 711
381.7667175467708,604.6717432758008, 0.0, 2, 711
374.39410653952353,600.1281096048479, 0.0, 2, 711
376.7687779816353,604.5282159151566, 0.0, 2, 711
371.7708384164998,604.3846885545124, 0.0, 2, 711
374.1455098586116,608.7847948648213, 0.0, 2, 711
376.5201813007233,613.18490117513, 0.0, 2, 711
369.1475702934761,608.641267504177, 0.0, 2, 711
371.52224173558784,613.0413738144858, 0.0, 2, 711
366.5243021704524,612.8978464538417, 0.0, 2, 711
368.89897361256413,617.2979527641504, 0.0, 2, 711
361.52636260531693,612.7543190931974, 0.0, 2, 711
363.9010340474287,617.1544254035063, 0.0, 2, 711
358.9030944822932,617.0108980428621, 0.0, 2, 711
361.27776592440495,621.4110043531708, 0.0, 2, 711
353.90515491715774,616.8673706822179, 0.0, 2, 711
356.27982635926946,621.2674769925267, 0.0, 2, 711
353.65655823624576,625.5240559421912, 0.0, 2, 711
346.28394722899856,620.9804222712382, 0.0, 2, 711
348.6586186711103,625.3805285815471, 0.0, 2, 711
343.6606791059748,625.2370012209029, 0.0, 2, 711
346.03535054808657,629.6371075312117, 0.0, 2, 711
338.6627395408393,625.0934738602588, 0.0, 2, 711
341.0374109829511,629.4935801705675, 0.0, 2, 711
336.0394714178156,629.3500528099233, 0.0, 2, 711
338.4141428599274,633.7501591202321, 0.0, 2, 711
331.0415318526802,629.2065254492792, 0.0, 2, 711
328.4182637296564,633.4631043989438, 0.0, 2, 711
323.42032416452093,633.3195770382996, 0.0, 2, 711
318.4223845993855,633.1760496776554, 0.0, 2, 711
320.7970560414972,637.5761559879642, 0.0, 2, 711
313.42444503425,633.0325223170112, 0.0, 2, 711
315.7991164763618,637.43262862732, 0.0, 2, 711
310.8011769112263,637.2891012666759, 0.0, 2, 711
313.17584835333804,641.6892075769846, 0.0, 2, 711
305.8032373460908,637.1455739060317, 0.0, 2, 711
308.17790878820256,641.5456802163404, 0.0, 2, 711
303.17996922306713,641.4021528556963, 0.0, 2, 711
305.55464066517885,645.802259166005, 0.0, 2, 711
298.18202965793165,641.258625495052, 0.0, 2, 711
293.18409009279617,641.1150981344078, 0.0, 2, 711
295.55876153490794,645.5152044447167, 0.0, 2, 711
288.1861505276607,640.9715707737637, 0.0, 2, 711
290.5608219697724,645.3716770840725, 0.0, 2, 711
285.562882404637,645.2281497234283, 0.0, 2, 711
287.93755384674876,649.6282560337371, 0.0, 2, 711
280.5649428395015,645.0846223627841, 0.0, 2, 711
282.9396142816133,649.484728673093, 0.0, 2, 711
277.9416747164778,649.3412013124487, 0.0, 2, 711
272.9437351513423,649.1976739518046, 0.0, 2, 711
266.7461704417015,647.7012490603706, 0.0, 2, 712
267.24025955239483,652.6767767661215, 0.0, 2, 712
262.1901924959413,645.6413789290889, 0.0, 2, 712
262.6842816066346,650.6169066348398, 0.0, 2, 712
263.17837071732794,655.5924343405906, 0.0, 2, 712
258.1283036608744,648.557036503558, 0.0, 2, 712
258.6223927715677,653.5325642093088, 0.0, 2, 712
254.06641482580753,651.4726940780271, 0.0, 2, 712
254.56050393650085,656.448221783778, 0.0, 2, 712
249.51043688004734,649.4128239467453, 0.0, 2, 712
250.00452599074066,654.3883516524962, 0.0, 2, 712
245.44854804498044,652.3284815212145, 0.0, 2, 712
245.94263715567376,657.3040092269653, 0.0, 2, 712
240.89257009922022,650.2686113899327, 0.0, 2, 712
241.38665920991355,655.2441390956835, 0.0, 2, 712
236.83068126415336,653.1842689644018, 0.0, 2, 712
237.32477037484668,658.1597966701527, 0.0, 2, 712
232.27470331839316,651.12439883312, 0.0, 2, 712
232.7687924290865,656.0999265388709, 0.0, 2, 712
228.21281448332627,654.0400564075892, 0.0, 2, 712
228.7069035940196,659.0155841133401, 0.0, 2, 712
223.65683653756605,651.9801862763074, 0.0, 2, 712
224.15092564825937,656.9557139820583, 0.0, 2, 712
219.59494770249918,654.8958438507766, 0.0, 2, 712
220.0890368131925,659.8713715565274, 0.0, 2, 712
215.038969756739,652.8359737194949, 0.0, 2, 712
215.53305886743232,657.8115014252456, 0.0, 2, 712
211.47117003236542,660.7271589997148, 0.0, 2, 712
211.96525914305874,665.7026867054657, 0.0, 2, 712
206.42110297591188,653.6917611626822, 0.0, 2, 712
206.9151920866052,658.667288868433, 0.0, 2, 712
207.40928119729853,663.6428165741839, 0.0, 2, 712
202.359214140845,656.6074187371513, 0.0, 2, 712
202.85330325153834,661.5829464429022, 0.0, 2, 712
203.34739236223166,666.558474148653, 0.0, 2, 712
197.80323619508482,654.5475486058696, 0.0, 2, 712
198.29732530577814,659.5230763116205, 0.0, 2, 712
198.79141441647147,664.4986040173712, 0.0, 2, 712
193.74134736001793,657.4632061803387, 0.0, 2, 712
194.23543647071125,662.4387338860895, 0.0, 2, 712
194.72952558140457,667.4142615918404, 0.0, 2, 712
189.1853694142577,655.403336049057, 0.0, 2, 712
189.67945852495103,660.3788637548078, 0.0, 2, 712
190.17354763564438,665.3543914605586, 0.0, 2, 712
185.12348057919084,658.318993623526, 0.0, 2, 712
185.61756968988416,663.2945213292769, 0.0, 2, 712
186.1116588005775,668.2700490350277, 0.0, 2, 712
180.56750263343065,656.2591234922443, 0.0, 2, 712
181.06159174412397,661.2346511979952, 0.0, 2, 712
181.5556808548173,666.2101789037459, 0.0, 2, 712
176.50561379836375,659.1747810667134, 0.0, 2, 712
176.99970290905708,664.1503087724642, 0.0, 2, 712
177.4937920197504,669.1258364782151, 0.0, 2, 712
171.94963585260354,657.1149109354317, 0.0, 2, 712
172.44372496329686,662.0904386411825, 0.0, 2, 712
172.9378140739902,667.0659663469334, 0.0, 2, 712
167.88774701753667,660.0305685099007, 0.0, 2, 712
168.38183612823,665.0060962156516, 0.0, 2, 712
168.87592523892332,669.9816239214025, 0.0, 2, 712
163.33176907177645,657.970698378619, 0.0, 2, 712
163.8258581824698,662.9462260843699, 0.0, 2, 712
164.31994729316312,667.9217537901208, 0.0, 2, 712
159.26988023670958,660.8863559530881, 0.0, 2, 712
159.7639693474029,665.861883658839, 0.0, 2, 712
160.25805845809623,670.8374113645898, 0.0, 2, 712
154.71390229094936,658.8264858218064, 0.0, 2, 712
155.2079914016427,663.8020135275573, 0.0, 2, 712
155.70208051233604,668.777541233308, 0.0, 2, 712
150.15792434518917,656.7666156905246, 0.0, 2, 712
150.6520134558825,661.7421433962755, 0.0, 2, 712
151.14610256657582,666.7176711020263, 0.0, 2, 712
151.64019167726914,671.6931988077772, 0.0, 2, 712
145.60194639942895,654.7067455592429, 0.0, 2, 712
146.09603551012228,659.6822732649938, 0.0, 2, 712
146.59012462081563,664.6578009707446, 0.0, 2, 712
147.08421373150895,669.6333286764955, 0.0, 2, 712
141.5400575643621,657.622403133712, 0.0, 2, 712
142.0341466750554,662.5979308394628, 0.0, 2, 712
142.52823578574873,667.5734585452137, 0.0, 2, 712
143.02232489644206,672.5489862509645, 0.0, 2, 712
136.48999050790857,650.5870052966794, 0.0, 2, 712
136.9840796186019,655.5625330024303, 0.0, 2, 712
137.47816872929522,660.5380607081811, 0.0, 2, 712
137.97225783998854,665.513588413932, 0.0, 2, 712
138.46634695068187,670.4891161196828, 0.0, 2, 712
132.922190783535,658.4781905768994, 0.0, 2, 712
133.41627989422832,663.4537182826502, 0.0, 2, 712
133.91036900492165,668.429245988401, 0.0, 2, 712
134.40445811561497,673.4047736941519, 0.0, 2, 712
128.36621283777478,656.4183204456176, 0.0, 2, 712
128.8603019484681,661.3938481513685, 0.0, 2, 712
129.35439105916143,666.3693758571194, 0.0, 2, 712
129.84848016985475,671.3449035628702, 0.0, 2, 712
124.79841311340124,664.3095057258377, 0.0, 2, 712
125.29250222409456,669.2850334315884, 0.0, 2, 712
125.78659133478789,674.2605611373393, 0.0, 2, 712
120.24243516764105,662.2496355945558, 0.0, 2, 712
120.73652427833437,667.2251633003067, 0.0, 2, 712
121.2306133890277,672.2006910060576, 0.0, 2, 712
116.67463544326748,670.1408208747758, 0.0, 2, 712
117.1687245539608,675.1163485805266, 0.0, 2, 712
112.11865749750726,668.0809507434941, 0.0, 2, 712
112.61274660820058,673.0564784492449, 0.0, 2, 712
108.05676866244039,670.9966083179631, 0.0, 2, 712
108.55085777313371,675.972136023714, 0.0, 2, 712
103.5007907166802,668.9367381866814, 0.0, 2, 712
103.99487982737352,673.9122658924323, 0.0, 2, 712
99.4389018816133,671.8523957611505, 0.0, 2, 712
99.93299099230663,676.8279234669014, 0.0, 2, 712
94.88292393585309,669.7925256298688, 0.0, 2, 712
95.37701304654641,674.7680533356197, 0.0, 2, 712
90.82103510078622,672.708183204338, 0.0, 2, 712
91.31512421147954,677.6837109100887, 0.0, 2, 712
86.26505715502603,670.6483130730562, 0.0, 2, 712
86.75914626571935,675.623840778807, 0.0, 2, 712
82.20316831995913,673.5639706475253, 0.0, 2, 712
82.69725743065246,678.5394983532761, 0.0, 2, 712
77.64719037419891,671.5041005162435, 0.0, 2, 712
78.14127948489224,676.4796282219944, 0.0, 2, 712
73.58530153913205,674.4197580907127, 0.0, 2, 712
74.07939064982538,679.3952857964634, 0.0, 2, 712
69.02932359337186,672.3598879594309, 0.0, 2, 712
69.52341270406518,677.3354156651817, 0.0, 2, 712
64.96743475830496,675.2755455339, 0.0, 2, 712
65.4615238689983,680.2510732396509, 0.0, 2, 712
60.41145681254474,673.2156754026182, 0.0, 2, 712
56.349567977477875,676.1313329770874, 0.0, 2, 712
51.793590031717684,674.0714628458056, 0.0, 2, 712
47.237612085957466,672.0115927145239, 0.0, 2, 712
47.73170119665079,676.9871204202748, 0.0, 2, 712
42.68163414019725,669.9517225832421, 0.0, 2, 712
43.17572325089057,674.927250288993, 0.0, 2, 712
38.61974530513038,672.8673801577113, 0.0, 2, 712
39.1138344158237,677.8429078634621, 0.0, 2, 712
34.063767359370175,670.8075100264296, 0.0, 2, 712
34.5578564700635,675.7830377321803, 0.0, 2, 712
30.00187852430328,673.7231676008986, 0.0, 2, 712
25.44590057854306,671.6632974696169, 0.0, 2, 712
21.384011743476194,674.578955044086, 0.0, 2, 712
16.828033797716003,672.5190849128043, 0.0, 2, 712
9.181797643629295,669.0939055103573, 0.0, 2, 713
4.363216001854312,670.4285481447539, 0.0, 2, 713
3.1097596073280585,675.2688835739386, 0.0, 2, 713
0.7980907546055676,666.9228553499657, 0.0, 2, 713
-0.4553656399206858,671.7631907791505, 0.0, 2, 713
-4.02049088716943,668.2574979843623, 0.0, 2, 713
-5.273947281695683,673.097833413547, 0.0, 2, 713
-7.585616134418174,664.7518051895742, 0.0, 2, 713
-8.839072528944428,669.5921406187589, 0.0, 2, 713
-12.404197776193158,666.0864478239707, 0.0, 2, 713
-13.657654170719411,670.9267832531555, 0.0, 2, 713
-15.969323023441902,662.5807550291826, 0.0, 2, 713
-17.222779417968155,667.4210904583673, 0.0, 2, 713
-20.787904665216885,663.9153976635791, 0.0, 2, 713
-22.04136105974314,668.755733092764, 0.0, 2, 713
-24.35302991246563,660.409704868791, 0.0, 2, 713
-25.606486306991883,665.2500402979758, 0.0, 2, 713
-29.171611554240613,661.7443475031877, 0.0, 2, 713
-30.425067948766866,666.5846829323724, 0.0, 2, 713
-32.73673680148936,658.2386547083995, 0.0, 2, 713
-33.99019319601561,663.0789901375842, 0.0, 2, 713
-37.55531844326435,659.5732973427961, 0.0, 2, 713
-38.808774837790594,664.4136327719808, 0.0, 2, 713
-41.120443690513085,656.0676045480079, 0.0, 2, 713
-42.37390008503933,660.9079399771927, 0.0, 2, 713
-45.939025332288075,657.4022471824045, 0.0, 2, 713
-47.19248172681432,662.2425826115892, 0.0, 2, 713
-48.44593812134057,667.0829180407741, 0.0, 2, 713
-49.50415057953681,653.8965543876163, 0.0, 2, 713
-50.75760697406306,658.7368898168011, 0.0, 2, 713
-52.011063368589305,663.5772252459859, 0.0, 2, 713
-54.3227322213118,655.2311970220129, 0.0, 2, 713
-55.57618861583805,660.0715324511978, 0.0, 2, 713
-56.829645010364295,664.9118678803825, 0.0, 2, 713
-57.88785746856054,651.7255042272247, 0.0, 2, 713
-59.141313863086786,656.5658396564095, 0.0, 2, 713
-60.39477025761303,661.4061750855943, 0.0, 2, 713
-62.70643911033553,653.0601468616213, 0.0, 2, 713
-63.95989550486178,657.9004822908062, 0.0, 2, 713
-65.21335189938802,662.7408177199909, 0.0, 2, 713
-65.01810796305801,644.7141186376484, 0.0, 2, 713
-66.27156435758427,649.5544540668332, 0.0, 2, 713
-67.52502075211052,654.394789496018, 0.0, 2, 713
-68.77847714663676,659.2351249252027, 0.0, 2, 713
-69.83668960483301,646.048761272045, 0.0, 2, 713
-71.09014599935927,650.8890967012298, 0.0, 2, 713
-72.3436023938855,655.7294321304146, 0.0, 2, 713
-73.59705878841176,660.5697675595993, 0.0, 2, 713
-73.40181485208174,642.5430684772568, 0.0, 2, 713
-74.655271246608,647.3834039064417, 0.0, 2, 713
-75.90872764113425,652.2237393356264, 0.0, 2, 713
-77.16218403566049,657.0640747648112, 0.0, 2, 713
-78.22039649385674,643.8777111116535, 0.0, 2, 713
-79.47385288838299,648.7180465408383, 0.0, 2, 713
-80.72730928290923,653.558381970023, 0.0, 2, 713
-81.98076567743549,658.3987173992077, 0.0, 2, 713
-81.78552174110548,640.3720183168654, 0.0, 2, 713
-83.03897813563174,645.2123537460501, 0.0, 2, 713
-84.29243453015798,650.0526891752348, 0.0, 2, 713
-85.54589092468423,654.8930246044196, 0.0, 2, 713
-86.60410338288047,641.7066609512619, 0.0, 2, 713
-87.85755977740672,646.5469963804467, 0.0, 2, 713
-89.11101617193296,651.3873318096314, 0.0, 2, 713
-90.36447256645921,656.2276672388163, 0.0, 2, 713
-90.16922863012921,638.2009681564738, 0.0, 2, 713
-91.42268502465546,643.0413035856585, 0.0, 2, 713
-92.6761414191817,647.8816390148432, 0.0, 2, 713
-93.92959781370796,652.7219744440281, 0.0, 2, 713
-96.24126666643045,644.3759462200551, 0.0, 2, 713
-97.49472306095669,649.2162816492399, 0.0, 2, 713
-98.74817945548294,654.0566170784247, 0.0, 2, 713
-99.80639191367919,640.8702534252669, 0.0, 2, 713
-101.05984830820543,645.7105888544518, 0.0, 2, 713
-102.31330470273168,650.5509242836365, 0.0, 2, 713
-104.62497355545418,642.2048960596635, 0.0, 2, 713
-105.87842994998043,647.0452314888483, 0.0, 2, 713
-107.13188634450667,651.8855669180331, 0.0, 2, 713
-108.19009880270292,638.6992032648753, 0.0, 2, 713
-109.44355519722916,643.5395386940602, 0.0, 2, 713
-110.69701159175541,648.3798741232449, 0.0, 2, 713
-113.0086804444779,640.033845899272, 0.0, 2, 713
-114.26213683900416,644.8741813284568, 0.0, 2, 713
-115.5155932335304,649.7145167576415, 0.0, 2, 713
-117.82726208625289,641.3684885336686, 0.0, 2, 713
-119.08071848077913,646.2088239628533, 0.0, 2, 713
-122.64584372802788,642.7031311680652, 0.0, 2, 713
-123.89930012255412,647.5434665972499, 0.0, 2, 713
-126.21096897527664,639.197438373277, 0.0, 2, 713
-127.46442536980288,644.0377738024617, 0.0, 2, 713
-131.0295506170516,640.5320810076736, 0.0, 2, 713
-132.28300701157787,645.3724164368584, 0.0, 2, 713
-134.59467586430034,637.0263882128854, 0.0, 2, 713
-135.84813225882658,641.8667236420703, 0.0, 2, 713
-139.41325750607535,638.3610308472821, 0.0, 2, 713
-140.6667139006016,643.2013662764668, 0.0, 2, 713
-142.9783827533241,634.855338052494, 0.0, 2, 713
-144.23183914785034,639.6956734816787, 0.0, 2, 713
-147.79696439509905,636.1899806868905, 0.0, 2, 713
-149.05042078962532,641.0303161160753, 0.0, 2, 713
-151.3620896423478,632.6842878921024, 0.0, 2, 713
-152.61554603687404,637.5246233212871, 0.0, 2, 713
-156.1806712841228,634.0189305264989, 0.0, 2, 713
-157.43412767864905,638.8592659556837, 0.0, 2, 713
-159.74579653137155,630.5132377317108, 0.0, 2, 713
-164.56437817314654,631.8478803661073, 0.0, 2, 713
-168.12950342039525,628.3421875713192, 0.0, 2, 713
-172.94808506217026,629.6768302057158, 0.0, 2, 713
-175.25975391489277,621.3308019817429, 0.0, 2, 713
-176.513210309419,626.1711374109276, 0.0, 2, 713
-180.07833555666772,622.6654446161394, 0.0, 2, 713
-181.33179195119396,627.5057800453243, 0.0, 2, 713
-183.64346080391647,619.1597518213513, 0.0, 2, 713
-184.89691719844274,624.0000872505361, 0.0, 2, 713
-188.46204244569145,620.494394455748, 0.0, 2, 713
-189.71549884021772,625.3347298849327, 0.0, 2, 713
-192.02716769294022,616.9887016609597, 0.0, 2, 713
-193.2806240874665,621.8290370901445, 0.0, 2, 713
-196.8457493347152,618.3233442953564, 0.0, 2, 713
-199.15741818743766,609.9773160713834, 0.0, 2, 713
-200.41087458196392,614.8176515005682, 0.0, 2, 713
-203.9759998292127,611.3119587057801, 0.0, 2, 713
-205.2294562237389,616.1522941349648, 0.0, 2, 713
-208.79458147098768,612.6466013401766, 0.0, 2, 713
-213.61316311276266,613.9812439745732, 0.0, 2, 713
-212.34547025765517,607.4135595943949, 0.0, 2, 714
-217.01450068898367,605.6246619362465, 0.0, 2, 714
-220.89824672137485,608.7737120717454, 0.0, 2, 714
-217.79978508792095,600.6867141425993, 0.0, 2, 714
-221.68353112031213,603.8357642780982, 0.0, 2, 714
-226.3525615516406,602.0468666199498, 0.0, 2, 714
-230.2363075840318,605.1959167554487, 0.0, 2, 714
-227.1378459505779,597.1089188263026, 0.0, 2, 714
-231.02159198296908,600.2579689618015, 0.0, 2, 714
-231.8068763819064,595.3200211681542, 0.0, 2, 714
-235.6906224142976,598.4690713036531, 0.0, 2, 714
-236.47590681323487,593.5311235100058, 0.0, 2, 714
-240.35965284562607,596.6801736455047, 0.0, 2, 714
-241.14493724456335,591.7422258518575, 0.0, 2, 714
-245.02868327695455,594.8912759873565, 0.0, 2, 714
-241.93022164350066,586.8042780582102, 0.0, 2, 714
-245.81396767589183,589.9533281937092, 0.0, 2, 714
-250.48299810722034,588.1644305355609, 0.0, 2, 714
-251.26828250615762,583.2264827419136, 0.0, 2, 714
-255.1520285385488,586.3755328774125, 0.0, 2, 714
-255.9373129374861,581.4375850837653, 0.0, 2, 714
-259.8210589698773,584.5866352192642, 0.0, 2, 714
-256.7225973364234,576.499637290118, 0.0, 2, 714
-260.6063433688146,579.6486874256169, 0.0, 2, 714
-261.39162776775186,574.7107396319697, 0.0, 2, 714
-265.27537380014303,577.8597897674686, 0.0, 2, 714
-266.06065819908036,572.9218419738213, 0.0, 2, 714
-270.7296886304088,571.1329443156731, 0.0, 2, 714
-274.61343466280005,574.281994451172, 0.0, 2, 714
-271.51497302934615,566.1949965220258, 0.0, 2, 714
-275.3987190617373,569.3440466575247, 0.0, 2, 714
-276.1840034606746,564.4060988638774, 0.0, 2, 714
-280.0677494930658,567.5551489993763, 0.0, 2, 714
-276.9692878596119,559.4681510702302, 0.0, 2, 714
-280.8530338920031,562.6172012057291, 0.0, 2, 714
-281.6383182909404,557.6792534120818, 0.0, 2, 714
-285.52206432333156,560.8283035475807, 0.0, 2, 714
-282.42360268987767,552.7413056184346, 0.0, 2, 714
-286.30734872226884,555.8903557539335, 0.0, 2, 714
-287.0926331212062,550.9524079602862, 0.0, 2, 714
-290.97637915359735,554.1014580957851, 0.0, 2, 714
-287.87791752014346,546.014460166639, 0.0, 2, 714
-291.7616635525346,549.1635103021379, 0.0, 2, 714
-292.5469479514719,544.2255625084906, 0.0, 2, 714
-296.43069398386314,547.3746126439895, 0.0, 2, 714
-293.33223235040924,539.2876147148434, 0.0, 2, 714
-297.2159783828004,542.4366648503423, 0.0, 2, 714
-294.1175167493465,534.3496669211961, 0.0, 2, 714
-298.0012627817377,537.4987170566951, 0.0, 2, 714
-301.8850088141289,540.647767192194, 0.0, 2, 714
-294.9028011482838,529.4117191275488, 0.0, 2, 714
-298.78654718067503,532.5607692630479, 0.0, 2, 714
-302.6702932130662,535.7098193985468, 0.0, 2, 714
-299.5718315796123,527.6228214694006, 0.0, 2, 714
-303.4555776120035,530.7718716048995, 0.0, 2, 714
-307.33932364439465,533.9209217403984, 0.0, 2, 714
-296.4733699461584,519.5358235402543, 0.0, 2, 714
-300.3571159785496,522.6848736757534, 0.0, 2, 714
-304.24086201094076,525.8339238112522, 0.0, 2, 714
-308.124608043332,528.9829739467511, 0.0, 2, 714
-301.14240037748687,517.7469258821061, 0.0, 2, 714
-305.0261464098781,520.895976017605, 0.0, 2, 714
-308.90989244226927,524.0450261531039, 0.0, 2, 714
-312.79363847466044,527.1940762886028, 0.0, 2, 714
-301.92768477642414,512.8089780884588, 0.0, 2, 714
-305.8114308088154,515.9580282239577, 0.0, 2, 714
-309.69517684120655,519.1070783594566, 0.0, 2, 714
-313.5789228735977,522.2561284949555, 0.0, 2, 714
-306.59671520775265,511.0200804303105, 0.0, 2, 714
-310.4804612401438,514.1691305658094, 0.0, 2, 714
-314.36420727253505,517.3181807013083, 0.0, 2, 714
-318.2479533049262,520.4672308368072, 0.0, 2, 714
-307.38199960669,506.08213263666323, 0.0, 2, 714
-311.26574563908116,509.23118277216213, 0.0, 2, 714
-315.14949167147233,512.380232907661, 0.0, 2, 714
-319.0332377038635,515.5292830431599, 0.0, 2, 714
-315.9347760704096,507.44228511401377, 0.0, 2, 714
-319.8185221028008,510.5913352495127, 0.0, 2, 714
-323.702268135192,513.7403853850116, 0.0, 2, 714
-320.6038065017381,505.65338745586547, 0.0, 2, 714
-324.4875525341293,508.80243759136437, 0.0, 2, 714
-325.27283693306657,503.8644897977171, 0.0, 2, 714
-329.1565829654578,507.013539933216, 0.0, 2, 714
-326.0581213320039,498.92654200406986, 0.0, 2, 714
-329.9418673643951,502.07559213956876, 0.0, 2, 714
-330.72715176333236,497.1376443459215, 0.0, 2, 714
-334.61089779572353,500.28669448142045, 0.0, 2, 714
-331.51243616226964,492.1996965522743, 0.0, 2, 714
-335.3961821946608,495.3487466877732, 0.0, 2, 714
-336.18146659359815,490.41079889412595, 0.0, 2, 714
-336.9667509925354,485.4728511004787, 0.0, 2, 714
-337.7520353914727,480.53490330683144, 0.0, 2, 714
-341.63578142386393,483.68395344233033, 0.0, 2, 714
-338.53731979041004,475.5969555131842, 0.0, 2, 714
-342.4210658228012,478.7460056486831, 0.0, 2, 714
-343.2063502217385,473.8080578550358, 0.0, 2, 714
-347.09009625412966,476.9571079905347, 0.0, 2, 714
-343.9916346206758,468.8701100613886, 0.0, 2, 714
-344.7769190196131,463.9321622677413, 0.0, 2, 714
-348.6606650520043,467.0812124032403, 0.0, 2, 714
-345.5622034185504,458.9942144740941, 0.0, 2, 714
-349.44594945094155,462.143264609593, 0.0, 2, 714
-350.2312338498789,457.20531681594576, 0.0, 2, 714
-354.11497988227006,460.35436695144466, 0.0, 2, 714
-351.01651824881617,452.2673690222985, 0.0, 2, 714
-351.80180264775345,447.32942122865126, 0.0, 2, 714
-355.6855486801446,450.47847136415015, 0.0, 2, 714
-352.5870870466907,442.391473435004, 0.0, 2, 714
-356.4708330790819,445.54052357050296, 0.0, 2, 714
-357.25611747801923,440.60257577685564, 0.0, 2, 714
-358.0414018769565,435.6646279832084, 0.0, 2, 714
-358.82668627589385,430.7266801895612, 0.0, 2, 714
-362.710432308285,433.8757303250601, 0.0, 2, 714
-359.6119706748311,425.78873239591394, 0.0, 2, 714
-363.4957167072223,428.93778253141284, 0.0, 2, 714
-364.2810011061596,423.9998347377656, 0.0, 2, 714
-361.1825394727057,415.91283680861943, 0.0, 2, 714
-365.06628550509686,419.0618869441183, 0.0, 2, 714
-365.85156990403414,414.1239391504711, 0.0, 2, 714
-369.73531593642537,417.27298928596997, 0.0, 2, 714
-329.2080794937094,189.41645314522845, 0.0, 2, 715
-328.69391159986725,194.38994602015467, 0.0, 2, 715
-337.30825395032133,195.28051093590994, 0.0, 2, 715
-332.74399882817323,197.32197491549545, 0.0, 2, 715
-336.79408605647916,200.2540038108362, 0.0, 2, 715
-332.22983093433106,202.29546779042164, 0.0, 2, 715
-345.4084284069332,201.14456872659147, 0.0, 2, 715
-340.8441732847851,203.18603270617695, 0.0, 2, 715
-344.894260513091,206.1180616015177, 0.0, 2, 715
-340.330005390943,208.1595255811032, 0.0, 2, 715
-348.944347741397,209.05009049685847, 0.0, 2, 715
-344.3800926192489,211.09155447644395, 0.0, 2, 715
-352.9944349697029,211.98211939219925, 0.0, 2, 715
-348.4301798475548,214.0235833717847, 0.0, 2, 715
-357.04452219800885,214.91414828754, 0.0, 2, 715
-352.48026707586075,216.95561226712545, 0.0, 2, 715
-356.5303543041667,219.88764116246622, 0.0, 2, 715
-360.58044153247266,222.81967005780697, 0.0, 2, 715
-364.6305287607786,225.75169895314775, 0.0, 2, 715
-360.0662736386305,227.7931629327332, 0.0, 2, 715
-368.6806159890845,228.6837278484885, 0.0, 2, 715
-364.1163608669364,230.72519182807397, 0.0, 2, 715
-368.16644809524234,233.65722072341472, 0.0, 2, 715
-363.6021929730943,235.6986847030002, 0.0, 2, 715
-372.2165353235483,236.5892496187555, 0.0, 2, 715
-367.65228020140023,238.63071359834095, 0.0, 2, 715
-371.70236742970616,241.56274249368172, 0.0, 2, 715
-367.13811230755806,243.6042064732672, 0.0, 2, 715
-375.7524546580121,244.49477138902247, 0.0, 2, 715
-371.188199535864,246.53623536860795, 0.0, 2, 715
-375.23828676416997,249.4682642639487, 0.0, 2, 715
-370.6740316420219,251.50972824353417, 0.0, 2, 715
-379.2883739924759,252.40029315928948, 0.0, 2, 715
-374.7241188703278,254.44175713887495, 0.0, 2, 715
-374.20995097648563,259.41525001380114, 0.0, 2, 715
-369.64569585433753,261.45671399338664, 0.0, 2, 715
-378.2600382047916,262.34727890914195, 0.0, 2, 715
-373.6957830826435,264.3887428887274, 0.0, 2, 715
-377.74587031094944,267.32077178406814, 0.0, 2, 715
-373.18161518880135,269.36223576365364, 0.0, 2, 715
-381.79595753925537,270.2528006794089, 0.0, 2, 715
-377.2317024171073,272.2942646589944, 0.0, 2, 715
-372.6674472949592,274.33572863857984, 0.0, 2, 715
-376.71753452326516,277.26775753392064, 0.0, 2, 715
-372.15327940111706,279.3092215135061, 0.0, 2, 715
-380.7676217515711,280.1997864292614, 0.0, 2, 715
-376.203366629423,282.24125040884684, 0.0, 2, 715
-371.6391115072749,284.28271438843234, 0.0, 2, 715
-380.2534538577289,285.1732793041876, 0.0, 2, 715
-375.6891987355808,287.2147432837731, 0.0, 2, 715
-371.1249436134328,289.25620726335853, 0.0, 2, 715
-379.7392859638868,290.14677217911384, 0.0, 2, 715
-375.1750308417387,292.1882361586993, 0.0, 2, 715
-370.6107757195906,294.2297001382848, 0.0, 2, 715
-379.22511807004463,295.1202650540401, 0.0, 2, 715
-374.66086294789653,297.16172903362553, 0.0, 2, 715
-370.09660782574844,299.203193013211, 0.0, 2, 715
-365.53235270360034,301.2446569927965, 0.0, 2, 715
-383.27520529835056,298.05229394938084, 0.0, 2, 715
-378.71095017620246,300.0937579289663, 0.0, 2, 715
-374.14669505405436,302.1352219085518, 0.0, 2, 715
-369.5824399319063,304.17668588813723, 0.0, 2, 715
-378.19678228236035,305.06725080389253, 0.0, 2, 715
-373.63252716021225,307.108714783478, 0.0, 2, 715
-369.06827203806415,309.1501787630635, 0.0, 2, 715
-364.50401691591605,311.1916427426489, 0.0, 2, 715
-382.2468695106663,307.9992796992333, 0.0, 2, 715
-377.6826143885182,310.0407436788187, 0.0, 2, 715
-373.1183592663701,312.08220765840423, 0.0, 2, 715
-368.554104144222,314.1236716379897, 0.0, 2, 715
-377.168446494676,315.014236553745, 0.0, 2, 715
-372.60419137252796,317.0557005333304, 0.0, 2, 715
-368.03993625037987,319.0971645129159, 0.0, 2, 715
-381.218533722982,317.94626544908573, 0.0, 2, 715
-376.6542786008339,319.98772942867123, 0.0, 2, 715
-372.0900234786858,322.0291934082567, 0.0, 2, 715
-367.5257683565377,324.0706573878422, 0.0, 2, 715
-380.7043658291398,322.919758324012, 0.0, 2, 715
-376.1401107069917,324.9612223035974, 0.0, 2, 715
-371.5758555848436,327.0026862831829, 0.0, 2, 715
-367.0116004626956,329.04415026276837, 0.0, 2, 715
-380.19019793529765,327.8932511989382, 0.0, 2, 715
-375.62594281314955,329.9347151785237, 0.0, 2, 715
-371.0616876910015,331.9761791581091, 0.0, 2, 715
-379.67603004145553,332.8667440738644, 0.0, 2, 715
-375.11177491930744,334.9082080534499, 0.0, 2, 715
-370.54751979715934,336.94967203303537, 0.0, 2, 715
-379.16186214761336,337.8402369487907, 0.0, 2, 715
-374.59760702546527,339.8817009283761, 0.0, 2, 715
-378.64769425377125,342.81372982371687, 0.0, 2, 715
-374.08343913162315,344.85519380330237, 0.0, 2, 715
-369.51918400947505,346.8966577828878, 0.0, 2, 715
-378.1335263599291,347.7872226986431, 0.0, 2, 715
-373.569271237781,349.82868667822856, 0.0, 2, 715
-377.6193584660869,352.76071557356937, 0.0, 2, 715
-373.0551033439388,354.8021795531548, 0.0, 2, 715
-368.49084822179077,356.8436435327403, 0.0, 2, 715
-377.1051905722448,357.73420844849556, 0.0, 2, 715
-372.5409354500967,359.77567242808107, 0.0, 2, 715
-376.5910226784026,362.7077013234218, 0.0, 2, 715
-372.0267675562545,364.74916530300726, 0.0, 2, 715
-367.46251243410643,366.79062928259276, 0.0, 2, 715
-376.07685478456045,367.681194198348, 0.0, 2, 715
-371.51259966241236,369.72265817793345, 0.0, 2, 715
-370.99843176857024,374.6961510528597, 0.0, 2, 715
-366.43417664642215,376.7376150324452, 0.0, 2, 715
-375.04851899687617,377.6281799482005, 0.0, 2, 715
-370.4842638747281,379.66964392778596, 0.0, 2, 715
-369.97009598088596,384.6431368027122, 0.0, 2, 715
-365.40584085873786,386.68460078229765, 0.0, 2, 715
-374.0201832091919,387.57516569805296, 0.0, 2, 715
-369.4559280870438,389.6166296776384, 0.0, 2, 715
-368.9417601932016,394.59012255256465, 0.0, 2, 715
-364.3775050710535,396.6315865321501, 0.0, 2, 715
-372.9918474215076,397.52215144790546, 0.0, 2, 715
-368.4275922993595,399.5636154274909, 0.0, 2, 715
-367.91342440551733,404.5371083024171, 0.0, 2, 715
-363.34916928336924,406.5785722820026, 0.0, 2, 715
628.6857209340643,245.9803167044292, 0.0, 2, 725
646.4976854109752,270.12019908759885, 0.0, 2, 725
649.4663461571271,274.14351281812714, 0.0, 2, 725
652.4350069032788,278.1668265486554, 0.0, 2, 725
626.685759409108,250.5629091910785, 0.0, 2, 725
629.6544201552598,254.58622292160678, 0.0, 2, 725
632.6230809014116,258.60953665213503, 0.0, 2, 725
635.5917416475635,262.6328503826633, 0.0, 2, 725
638.5604023937153,266.6561641131916, 0.0, 2, 725
641.529063139867,270.67947784371984, 0.0, 2, 725
644.4977238860189,274.7027915742481, 0.0, 2, 725
647.4663846321707,278.7261053047764, 0.0, 2, 725
650.4350453783226,282.7494190353047, 0.0, 2, 725
621.7171371379999,251.1221879471995, 0.0, 2, 725
624.6857978841517,255.14550167772776, 0.0, 2, 725
627.6544586303035,259.168815408256, 0.0, 2, 725
630.6231193764553,263.1921291387843, 0.0, 2, 725
633.5917801226071,267.2154428693126, 0.0, 2, 725
636.560440868759,271.2387565998409, 0.0, 2, 725
639.5291016149108,275.26207033036917, 0.0, 2, 725
642.4977623610625,279.2853840608974, 0.0, 2, 725
645.4664231072144,283.3086977914257, 0.0, 2, 725
622.6858363591954,259.72809416437707, 0.0, 2, 725
625.6544971053472,263.7514078949053, 0.0, 2, 725
628.6231578514991,267.7747216254336, 0.0, 2, 725
631.5918185976508,271.7980353559619, 0.0, 2, 725
634.5604793438026,275.82134908649016, 0.0, 2, 725
637.5291400899545,279.8446628170184, 0.0, 2, 725
640.4978008361063,283.8679765475467, 0.0, 2, 725
643.466461582258,287.89129027807496, 0.0, 2, 725
646.4351223284099,291.91460400860325, 0.0, 2, 725
620.685874834239,264.31068665102634, 0.0, 2, 725
623.6545355803909,268.3340003815546, 0.0, 2, 725
626.6231963265427,272.35731411208286, 0.0, 2, 725
629.5918570726946,276.38062784261115, 0.0, 2, 725
632.5605178188463,280.40394157313943, 0.0, 2, 725
635.5291785649981,284.42725530366766, 0.0, 2, 725
638.49783931115,288.45056903419595, 0.0, 2, 725
641.4665000573018,292.47388276472424, 0.0, 2, 725
618.6859133092828,268.89327913767556, 0.0, 2, 725
621.6545740554345,272.91659286820385, 0.0, 2, 725
624.6232348015864,276.93990659873214, 0.0, 2, 725
627.5918955477382,280.9632203292604, 0.0, 2, 725
630.56055629389,284.9865340597887, 0.0, 2, 725
633.5292170400418,289.00984779031694, 0.0, 2, 725
636.4978777861936,293.0331615208452, 0.0, 2, 725
639.4665385323455,297.0564752513735, 0.0, 2, 725
616.6859517843264,273.4758716243249, 0.0, 2, 725
619.6546125304783,277.4991853548531, 0.0, 2, 725
622.62327327663,281.5224990853814, 0.0, 2, 725
625.5919340227819,285.5458128159097, 0.0, 2, 725
628.5605947689337,289.569126546438, 0.0, 2, 725
631.5292555150855,293.5924402769662, 0.0, 2, 725
634.4979162612374,297.6157540074945, 0.0, 2, 725
637.4665770073891,301.6390677380228, 0.0, 2, 725
617.6546510055219,282.0817778415024, 0.0, 2, 725
620.6233117516738,286.1050915720307, 0.0, 2, 725
623.5919724978255,290.128405302559, 0.0, 2, 725
626.5606332439773,294.15171903308726, 0.0, 2, 725
629.5292939901292,298.1750327636155, 0.0, 2, 725
632.497954736281,302.1983464941438, 0.0, 2, 725
635.4666154824329,306.22166022467206, 0.0, 2, 725
612.6860287344138,282.64105659762345, 0.0, 2, 725
615.6546894805656,286.6643703281517, 0.0, 2, 725
618.6233502267174,290.68768405867996, 0.0, 2, 725
621.5920109728693,294.71099778920825, 0.0, 2, 725
624.5606717190211,298.73431151973654, 0.0, 2, 725
627.5293324651728,302.75762525026477, 0.0, 2, 725
630.4979932113247,306.78093898079305, 0.0, 2, 725
613.6547279556092,291.24696281480095, 0.0, 2, 725
616.6233887017611,295.27027654532924, 0.0, 2, 725
619.5920494479129,299.2935902758575, 0.0, 2, 725
622.5607101940648,303.3169040063858, 0.0, 2, 725
625.5293709402166,307.34021773691404, 0.0, 2, 725
628.4980316863683,311.36353146744233, 0.0, 2, 725
631.4666924325202,315.3868451979706, 0.0, 2, 725
611.654766430653,295.8295553014502, 0.0, 2, 725
614.6234271768049,299.8528690319785, 0.0, 2, 725
617.5920879229566,303.8761827625068, 0.0, 2, 725
620.5607486691084,307.8994964930351, 0.0, 2, 725
623.5294094152603,311.9228102235634, 0.0, 2, 725
626.4980701614121,315.9461239540916, 0.0, 2, 725
612.6234656518485,304.4354615186278, 0.0, 2, 725
615.5921263980003,308.4587752491561, 0.0, 2, 725
618.5607871441521,312.48208897968436, 0.0, 2, 725
621.5294478903039,316.5054027102126, 0.0, 2, 725
624.4981086364558,320.5287164407409, 0.0, 2, 725
627.4667693826076,324.55203017126917, 0.0, 2, 725
613.592164873044,313.04136773580535, 0.0, 2, 725
616.5608256191958,317.06468146633364, 0.0, 2, 725
619.5294863653476,321.0879951968619, 0.0, 2, 725
614.5608640942395,321.6472739529829, 0.0, 2, 725
617.5295248403913,325.67058768351114, 0.0, 2, 725
733.6537577407075,155.32188278052809, 0.0, 2, 726
734.4912885257229,160.25123792944478, 0.0, 2, 726
735.3288193107384,165.18059307836145, 0.0, 2, 726
736.1663500957538,170.10994822727815, 0.0, 2, 726
738.6789424508002,184.8980136740282, 0.0, 2, 726
739.5164732358156,189.8273688229449, 0.0, 2, 726
740.354004020831,194.75672397186156, 0.0, 2, 726
741.1915348058465,199.68607912077826, 0.0, 2, 726
742.0290655908619,204.61543426969493, 0.0, 2, 726
742.8665963758773,209.54478941861163, 0.0, 2, 726
743.7041271608928,214.4741445675283, 0.0, 2, 726
744.5416579459082,219.40349971644497, 0.0, 2, 726
745.3791887309237,224.33285486536167, 0.0, 2, 726
746.2167195159391,229.26221001427834, 0.0, 2, 726
730.6411071349931,163.441238440178, 0.0, 2, 726
731.4786379200086,168.3705935890947, 0.0, 2, 726
732.3161687050241,173.29994873801138, 0.0, 2, 726
733.1536994900395,178.22930388692805, 0.0, 2, 726
733.9912302750549,183.15865903584475, 0.0, 2, 726
734.8287610600704,188.08801418476145, 0.0, 2, 726
735.6662918450859,193.01736933367812, 0.0, 2, 726
736.5038226301012,197.9467244825948, 0.0, 2, 726
737.3413534151167,202.8760796315115, 0.0, 2, 726
738.1788842001322,207.80543478042816, 0.0, 2, 726
739.0164149851475,212.73478992934486, 0.0, 2, 726
739.853945770163,217.66414507826153, 0.0, 2, 726
740.6914765551785,222.59350022717823, 0.0, 2, 726
741.5290073401939,227.5228553760949, 0.0, 2, 726
742.3665381252093,232.4522105250116, 0.0, 2, 726
725.953394959248,161.70188380199457, 0.0, 2, 726
726.7909257442634,166.63123895091127, 0.0, 2, 726
727.6284565292789,171.56059409982794, 0.0, 2, 726
728.4659873142944,176.4899492487446, 0.0, 2, 726
729.3035180993097,181.4193043976613, 0.0, 2, 726
730.1410488843252,186.34865954657798, 0.0, 2, 726
730.9785796693407,191.27801469549468, 0.0, 2, 726
731.816110454356,196.20736984441135, 0.0, 2, 726
732.6536412393715,201.13672499332804, 0.0, 2, 726
733.491172024387,206.06608014224472, 0.0, 2, 726
734.3287028094024,210.9954352911614, 0.0, 2, 726
735.1662335944178,215.92479044007808, 0.0, 2, 726
736.0037643794333,220.85414558899478, 0.0, 2, 726
736.8412951644488,225.78350073791145, 0.0, 2, 726
737.6788259494641,230.71285588682815, 0.0, 2, 726
722.1032135685182,164.8918843127278, 0.0, 2, 726
722.9407443535337,169.8212394616445, 0.0, 2, 726
723.7782751385491,174.75059461056117, 0.0, 2, 726
724.6158059235646,179.67994975947786, 0.0, 2, 726
725.45333670858,184.60930490839453, 0.0, 2, 726
726.2908674935954,189.53866005731123, 0.0, 2, 726
727.1283982786109,194.4680152062279, 0.0, 2, 726
727.9659290636263,199.3973703551446, 0.0, 2, 726
728.8034598486418,204.32672550406127, 0.0, 2, 726
729.6409906336572,209.25608065297797, 0.0, 2, 726
730.4785214186727,214.18543580189464, 0.0, 2, 726
731.3160522036881,219.1147909508113, 0.0, 2, 726
732.1535829887035,224.044146099728, 0.0, 2, 726
732.991113773719,228.97350124864468, 0.0, 2, 726
733.8286445587344,233.90285639756138, 0.0, 2, 726
717.4155013927731,163.15252967454435, 0.0, 2, 726
718.2530321777884,168.08188482346105, 0.0, 2, 726
719.0905629628039,173.01123997237772, 0.0, 2, 726
719.9280937478194,177.9405951212944, 0.0, 2, 726
720.7656245328349,182.8699502702111, 0.0, 2, 726
721.6031553178502,187.79930541912776, 0.0, 2, 726
722.4406861028657,192.72866056804446, 0.0, 2, 726
723.2782168878812,197.65801571696113, 0.0, 2, 726
724.1157476728965,202.58737086587783, 0.0, 2, 726
724.953278457912,207.5167260147945, 0.0, 2, 726
725.7908092429275,212.4460811637112, 0.0, 2, 726
726.6283400279428,217.37543631262787, 0.0, 2, 726
727.4658708129583,222.30479146154457, 0.0, 2, 726
728.3034015979738,227.23414661046124, 0.0, 2, 726
713.5653200020433,166.3425301852776, 0.0, 2, 726
714.4028507870587,171.27188533419428, 0.0, 2, 726
715.2403815720742,176.20124048311095, 0.0, 2, 726
716.0779123570896,181.13059563202765, 0.0, 2, 726
716.915443142105,186.05995078094432, 0.0, 2, 726
717.7529739271205,190.98930592986102, 0.0, 2, 726
718.590504712136,195.9186610787777, 0.0, 2, 726
719.4280354971514,200.8480162276944, 0.0, 2, 726
720.2655662821668,205.77737137661106, 0.0, 2, 726
721.1030970671823,210.70672652552776, 0.0, 2, 726
721.9406278521977,215.63608167444443, 0.0, 2, 726
722.7781586372131,220.56543682336113, 0.0, 2, 726
723.6156894222286,225.4947919722778, 0.0, 2, 726
724.453220207244,230.4241471211945, 0.0, 2, 726
709.7151386113136,169.53253069601084, 0.0, 2, 726
710.552669396329,174.4618858449275, 0.0, 2, 726
711.3902001813444,179.3912409938442, 0.0, 2, 726
712.2277309663599,184.32059614276088, 0.0, 2, 726
713.0652617513753,189.24995129167758, 0.0, 2, 726
713.9027925363907,194.17930644059425, 0.0, 2, 726
714.7403233214062,199.10866158951094, 0.0, 2, 726
715.5778541064217,204.03801673842761, 0.0, 2, 726
716.415384891437,208.96737188734429, 0.0, 2, 726
717.2529156764525,213.89672703626098, 0.0, 2, 726
718.090446461468,218.82608218517765, 0.0, 2, 726
718.9279772464834,223.75543733409435, 0.0, 2, 726
719.7655080314988,228.68479248301102, 0.0, 2, 726
705.8649572205838,172.72253120674407, 0.0, 2, 726
706.7024880055992,177.65188635566074, 0.0, 2, 726
707.5400187906147,182.58124150457743, 0.0, 2, 726
708.3775495756302,187.5105966534941, 0.0, 2, 726
709.2150803606455,192.4399518024108, 0.0, 2, 726
710.052611145661,197.36930695132747, 0.0, 2, 726
710.8901419306765,202.29866210024417, 0.0, 2, 726
711.7276727156919,207.22801724916084, 0.0, 2, 726
712.5652035007073,212.15737239807754, 0.0, 2, 726
713.4027342857228,217.0867275469942, 0.0, 2, 726
714.2402650707382,222.0160826959109, 0.0, 2, 726
715.0777958557536,226.94543784482758, 0.0, 2, 726
715.9153266407691,231.87479299374428, 0.0, 2, 726
716.7528574257846,236.80414814266095, 0.0, 2, 726
701.1772450448386,170.98317656856062, 0.0, 2, 726
702.0147758298541,175.9125317174773, 0.0, 2, 726
702.8523066148695,180.841886866394, 0.0, 2, 726
703.6898373998849,185.77124201531066, 0.0, 2, 726
704.5273681849004,190.70059716422736, 0.0, 2, 726
705.3648989699158,195.62995231314403, 0.0, 2, 726
706.2024297549312,200.55930746206073, 0.0, 2, 726
707.0399605399467,205.4886626109774, 0.0, 2, 726
707.8774913249621,210.4180177598941, 0.0, 2, 726
708.7150221099776,215.34737290881077, 0.0, 2, 726
709.552552894993,220.27672805772744, 0.0, 2, 726
710.3900836800085,225.20608320664414, 0.0, 2, 726
711.2276144650239,230.13543835556084, 0.0, 2, 726
712.0651452500393,235.0647935044775, 0.0, 2, 726
698.1645944391244,179.10253222821055, 0.0, 2, 726
699.0021252241397,184.03188737712722, 0.0, 2, 726
699.8396560091552,188.96124252604392, 0.0, 2, 726
700.6771867941707,193.8905976749606, 0.0, 2, 726
701.514717579186,198.81995282387726, 0.0, 2, 726
702.3522483642015,203.74930797279396, 0.0, 2, 726
703.189779149217,208.67866312171063, 0.0, 2, 726
704.0273099342323,213.60801827062733, 0.0, 2, 726
704.8648407192478,218.537373419544, 0.0, 2, 726
705.7023715042633,223.4667285684607, 0.0, 2, 726
706.5399022892788,228.39608371737737, 0.0, 2, 726
707.3774330742941,233.32543886629406, 0.0, 2, 726
708.2149638593096,238.25479401521073, 0.0, 2, 726
693.4768822633791,177.36317759002708, 0.0, 2, 726
694.3144130483945,182.29253273894378, 0.0, 2, 726
695.15194383341,187.22188788786045, 0.0, 2, 726
695.9894746184254,192.15124303677715, 0.0, 2, 726
696.8270054034409,197.08059818569382, 0.0, 2, 726
697.6645361884563,202.00995333461051, 0.0, 2, 726
698.5020669734718,206.93930848352718, 0.0, 2, 726
699.3395977584872,211.86866363244388, 0.0, 2, 726
700.1771285435026,216.79801878136055, 0.0, 2, 726
701.0146593285181,221.72737393027725, 0.0, 2, 726
701.8521901135335,226.65672907919392, 0.0, 2, 726
702.6897208985489,231.58608422811062, 0.0, 2, 726
703.5272516835644,236.5154393770273, 0.0, 2, 726
690.4642316576648,185.482533249677, 0.0, 2, 726
691.3017624426802,190.4118883985937, 0.0, 2, 726
692.1392932276957,195.34124354751037, 0.0, 2, 726
692.9768240127112,200.27059869642707, 0.0, 2, 726
693.8143547977265,205.19995384534374, 0.0, 2, 726
694.651885582742,210.12930899426044, 0.0, 2, 726
695.4894163677575,215.0586641431771, 0.0, 2, 726
696.3269471527728,219.98801929209378, 0.0, 2, 726
697.1644779377883,224.91737444101048, 0.0, 2, 726
698.0020087228038,229.84672958992718, 0.0, 2, 726
698.8395395078192,234.77608473884385, 0.0, 2, 726
699.6770702928346,239.70543988776052, 0.0, 2, 726
685.7765194819196,183.74317861149356, 0.0, 2, 726
686.614050266935,188.67253376041026, 0.0, 2, 726
687.4515810519505,193.60188890932693, 0.0, 2, 726
688.289111836966,198.5312440582436, 0.0, 2, 726
689.1266426219813,203.4605992071603, 0.0, 2, 726
689.9641734069968,208.38995435607697, 0.0, 2, 726
690.8017041920123,213.31930950499367, 0.0, 2, 726
691.6392349770277,218.24866465391034, 0.0, 2, 726
692.4767657620431,223.17801980282704, 0.0, 2, 726
693.3142965470586,228.1073749517437, 0.0, 2, 726
694.151827332074,233.0367301006604, 0.0, 2, 726
694.9893581170894,237.96608524957708, 0.0, 2, 726
695.8268889021049,242.89544039849378, 0.0, 2, 726
681.9263380911899,186.9331791222268, 0.0, 2, 726
682.7638688762053,191.8625342711435, 0.0, 2, 726
683.6013996612207,196.79188942006016, 0.0, 2, 726
684.4389304462362,201.72124456897686, 0.0, 2, 726
685.2764612312516,206.65059971789353, 0.0, 2, 726
686.113992016267,211.57995486681023, 0.0, 2, 726
686.9515228012825,216.5093100157269, 0.0, 2, 726
687.789053586298,221.4386651646436, 0.0, 2, 726
688.6265843713134,226.36802031356027, 0.0, 2, 726
689.4641151563288,231.29737546247696, 0.0, 2, 726
690.3016459413443,236.22673061139363, 0.0, 2, 726
691.1391767263597,241.1560857603103, 0.0, 2, 726
678.07615670046,190.12317963296005, 0.0, 2, 726
678.9136874854755,195.05253478187672, 0.0, 2, 726
679.751218270491,199.98188993079341, 0.0, 2, 726
680.5887490555065,204.91124507971008, 0.0, 2, 726
681.4262798405218,209.84060022862678, 0.0, 2, 726
682.2638106255373,214.76995537754345, 0.0, 2, 726
683.1013414105528,219.69931052646012, 0.0, 2, 726
683.9388721955681,224.62866567537682, 0.0, 2, 726
684.7764029805836,229.55802082429352, 0.0, 2, 726
674.2259753097303,193.31318014369327, 0.0, 2, 726
675.0635060947458,198.24253529260994, 0.0, 2, 726
675.9010368797613,203.17189044152664, 0.0, 2, 726
676.7385676647767,208.1012455904433, 0.0, 2, 726
677.5760984497921,213.03060073936, 0.0, 2, 726
678.4136292348076,217.95995588827668, 0.0, 2, 726
671.213324704016,201.4325358033432, 0.0, 2, 726
688.242477188844,242.28938558816648, 0.0, 2, 727
687.6375013573002,247.25265107000882, 0.0, 2, 727
684.246651111614,239.2838284084527, 0.0, 2, 727
683.6416752800702,244.24709389029508, 0.0, 2, 727
683.0366994485263,249.21035937213742, 0.0, 2, 727
682.4317236169825,254.1736248539798, 0.0, 2, 727
680.8558008659279,231.3150057468966, 0.0, 2, 727
680.2508250343841,236.27827122873893, 0.0, 2, 727
679.6458492028402,241.2415367105813, 0.0, 2, 727
679.0408733712964,246.20480219242364, 0.0, 2, 727
678.4358975397525,251.168067674266, 0.0, 2, 727
677.8309217082086,256.1313331561084, 0.0, 2, 727
676.859974788698,228.3094485671828, 0.0, 2, 727
676.2549989571542,233.27271404902518, 0.0, 2, 727
675.6500231256102,238.23597953086752, 0.0, 2, 727
675.0450472940664,243.19924501270987, 0.0, 2, 727
674.4400714625225,248.16251049455224, 0.0, 2, 727
673.8350956309787,253.12577597639458, 0.0, 2, 727
673.2301197994349,258.0890414582369, 0.0, 2, 727
673.4691245430118,220.3406259056267, 0.0, 2, 727
672.864148711468,225.30389138746904, 0.0, 2, 727
672.2591728799241,230.2671568693114, 0.0, 2, 727
671.6541970483803,235.23042235115375, 0.0, 2, 727
671.0492212168365,240.19368783299612, 0.0, 2, 727
670.4442453852926,245.15695331483846, 0.0, 2, 727
669.8392695537487,250.12021879668083, 0.0, 2, 727
669.2342937222048,255.08348427852317, 0.0, 2, 727
668.629317890661,260.0467497603655, 0.0, 2, 727
670.0782742973257,212.37180324407058, 0.0, 2, 727
669.4732984657819,217.33506872591292, 0.0, 2, 727
668.868322634238,222.29833420775526, 0.0, 2, 727
668.2633468026942,227.26159968959763, 0.0, 2, 727
667.6583709711504,232.22486517143997, 0.0, 2, 727
667.0533951396064,237.18813065328234, 0.0, 2, 727
666.4484193080626,242.15139613512468, 0.0, 2, 727
665.8434434765188,247.11466161696706, 0.0, 2, 727
665.2384676449749,252.0779270988094, 0.0, 2, 727
664.6334918134311,257.04119258065174, 0.0, 2, 727
664.0285159818872,262.0044580624941, 0.0, 2, 727
663.4235401503433,266.9677235443365, 0.0, 2, 727
666.0824482200958,209.3662460643568, 0.0, 2, 727
665.477472388552,214.32951154619914, 0.0, 2, 727
664.872496557008,219.2927770280415, 0.0, 2, 727
664.2675207254642,224.25604250988386, 0.0, 2, 727
663.6625448939203,229.21930799172623, 0.0, 2, 727
663.0575690623765,234.18257347356857, 0.0, 2, 727
662.4525932308327,239.14583895541094, 0.0, 2, 727
661.8476173992888,244.10910443725328, 0.0, 2, 727
661.242641567745,249.07236991909565, 0.0, 2, 727
660.6376657362011,254.035635400938, 0.0, 2, 727
660.0326899046572,258.99890088278033, 0.0, 2, 727
659.4277140731134,263.9621663646227, 0.0, 2, 727
658.8227382415695,268.9254318464651, 0.0, 2, 727
661.4816463113219,211.3239543664854, 0.0, 2, 727
660.8766704797781,216.28721984832774, 0.0, 2, 727
660.2716946482343,221.25048533017008, 0.0, 2, 727
659.6667188166904,226.21375081201245, 0.0, 2, 727
659.0617429851466,231.1770162938548, 0.0, 2, 727
658.4567671536026,236.14028177569716, 0.0, 2, 727
657.8517913220588,241.1035472575395, 0.0, 2, 727
657.246815490515,246.06681273938187, 0.0, 2, 727
656.6418396589711,251.03007822122422, 0.0, 2, 727
656.0368638274273,255.99334370306659, 0.0, 2, 727
655.4318879958835,260.9566091849089, 0.0, 2, 727
654.8269121643395,265.9198746667513, 0.0, 2, 727
654.2219363327957,270.8831401485936, 0.0, 2, 727
656.8808444025482,213.28166266861396, 0.0, 2, 727
656.2758685710043,218.24492815045633, 0.0, 2, 727
655.6708927394604,223.20819363229867, 0.0, 2, 727
655.0659169079166,228.17145911414104, 0.0, 2, 727
654.4609410763727,233.13472459598339, 0.0, 2, 727
653.8559652448289,238.09799007782573, 0.0, 2, 727
653.250989413285,243.0612555596681, 0.0, 2, 727
652.6460135817412,248.02452104151044, 0.0, 2, 727
652.0410377501973,252.9877865233528, 0.0, 2, 727
651.4360619186534,257.95105200519515, 0.0, 2, 727
650.8310860871096,262.9143174870375, 0.0, 2, 727
651.6750666622305,220.2026364525849, 0.0, 2, 727
651.0700908306866,225.16590193442727, 0.0, 2, 727
650.4651149991428,230.1291674162696, 0.0, 2, 727
649.860139167599,235.09243289811198, 0.0, 2, 727
649.255163336055,240.05569837995432, 0.0, 2, 727
648.6501875045112,245.0189638617967, 0.0, 2, 727
648.0452116729674,249.98222934363903, 0.0, 2, 727
647.4402358414235,254.94549482548138, 0.0, 2, 727
646.8352600098797,259.90876030732375, 0.0, 2, 727
646.2302841783358,264.8720257891661, 0.0, 2, 727
647.0742647534566,222.1603447547135, 0.0, 2, 727
646.4692889219128,227.12361023655583, 0.0, 2, 727
645.8643130903689,232.0868757183982, 0.0, 2, 727
645.2593372588251,237.05014120024055, 0.0, 2, 727
644.6543614272813,242.01340668208292, 0.0, 2, 727
644.0493855957374,246.97667216392526, 0.0, 2, 727
643.4444097641936,251.93993764576763, 0.0, 2, 727
642.8394339326496,256.90320312760997, 0.0, 2, 727
641.868487013139,229.08131853868443, 0.0, 2, 727
641.2635111815952,234.0445840205268, 0.0, 2, 727
640.6585353500512,239.00784950236914, 0.0, 2, 727
640.0535595185074,243.97111498421148, 0.0, 2, 727
639.4485836869636,248.93438046605385, 0.0, 2, 727
638.8436078554197,253.8976459478962, 0.0, 2, 727
638.2386320238759,258.86091142973856, 0.0, 2, 727
637.2676851043652,231.03902684081302, 0.0, 2, 727
636.6627092728213,236.00229232265536, 0.0, 2, 727
636.0577334412775,240.96555780449773, 0.0, 2, 727
635.4527576097336,245.92882328634008, 0.0, 2, 727
634.8477817781898,250.89208876818245, 0.0, 2, 727
632.0619073640476,237.96000062478396, 0.0, 2, 727
631.4569315325036,242.9232661066263, 0.0, 2, 727
630.8519557009598,247.88653158846867, 0.0, 2, 727
627.4611054552737,239.91770892691255, 0.0, 2, 727
